{"score": 0, "fitness": 1, "nb_jeu": 0, "nb_move": 0, "len_snake": 4, "dead_reason": "Snake eat its tail", "coordonnees": [15, 16, 16, 16, 17, 16, 17, 15], "can_play": 1, "mouse": [3, 3], "liste_mouse": [[3, 3]], "generation": 8, "input_layer": [0.0, 25.0, 0.0, 20.0, 0.0, 0.0, 0.0, 0.0, 0.0, 25.0, 0.0, 0.0, 0.0, 0.0, 0.0, 0.0, 2.0, 4.0, 23.0, 21.0, 21.095023109728988, 389.00514135419854, 563.7242233574854, 408.5400837127246], "hidden_layer1": [1.0, 1.0, 1.2603514638728976e-71, 8.305234604002715e-38, 1.0, 2.031352989592887e-48, 0.0002642094649928675, 1.5317104020633408e-40, 4.89383993907099e-60, 1.0, 1.0, 1.4511358248283668e-23, 1.0, 8.749496807475866e-32, 1.0, 0.9603220382787377, 1.0, 1.1985393999737986e-32], "hidden_layer2": [0.11995657759415776, 0.6684485507231364, 0.5915367371500319, 0.2872063932007193, 0.47208553483119553, 0.40505162283484436, 0.5302842091415109, 0.5730490227426014, 0.41306364945478624, 0.8544638515757186, 0.7038883881990649, 0.3588027732029898, 0.49150986603534247, 0.3465850746218358, 0.3584230349661934, 0.8301876983353034, 0.44894024398393995, 0.33978248899436575], "output_layer": [0.5890533655878247, 0.4956159324491874, 0.606936621180552, 0.5085386129455888]}